window_start,window_end,frame_index,target_id,tracking_status,sample_count,valid_frame_count,scale_valid_frame_count,lost_frame_count,min_tracking_score,mm_per_pixel,center_x_px,center_y_px,displacement_x_px,displacement_y_px,displacement_x_mm,displacement_y_mm,displacement_x_std_mm,displacement_y_std_mm
2026-09-19 16:20:05.819,2026-09-19 16:20:06.925,9,1,tracked,9,9,8,0,0.9653563499450684,0.3103504449544665,2802.531825158024,2497.3486778663196,0.06610486056706577,0.0,0.02050955566732153,0.0,0.035418169558748464,0.019146424280958724
2026-09-19 16:20:06.925,2026-09-19 16:20:08.054,16,1,tracked,7,7,7,0,0.9652941226959229,0.3105535292692097,2802.7900166912223,2497.1769878490786,0.3242963937655077,-0.17169001724096233,0.10064860038536724,-0.053238374403144884,0.049968414510658525,0.06898213822978806
2026-09-19 16:20:08.054,2026-09-19 16:20:09.182,23,1,tracked,7,7,7,0,0.9650835394859314,0.3105951507777586,2802.7674816804165,2497.354490844835,0.3017613829597394,0.005812978515223222,0.09380943702148514,0.001805482938403628,0.03503602735243903,0.046864468682833324
2026-09-19 16:20:09.182,2026-09-19 16:20:10.311,30,1,tracked,7,7,7,0,0.9654557108879089,0.3108595577143376,2802.906181285307,2497.356421586241,0.4404609878502015,0.007743719921563752,0.13695375059320924,0.00240789682745775,0.08225590712536399,0.06624927155814617
2026-09-19 16:20:10.311,2026-09-19 16:20:11.438,37,1,tracked,7,7,7,0,0.9654592871665955,0.3103988909453689,2802.665428207857,2497.067261091213,0.19970791040032054,-0.2814167751066634,0.062019835981974886,-0.08741581907068596,0.016689489153386854,0.026709274934647274
2026-09-19 16:20:11.438,2026-09-19 16:20:12.569,44,1,tracked,7,7,7,0,0.9654966592788696,0.31065884647235636,2802.6345153225484,2497.380308768944,0.16879502509164013,0.03163090262432888,0.0524466737478307,0.009830948992740915,0.01943023280295704,0.03237628767403509
2026-09-19 16:20:12.569,2026-09-19 16:20:13.704,51,1,tracked,7,7,7,0,0.965295672416687,0.31082912429433907,2802.534838163718,2497.4300359090626,0.06911786626142202,0.08135804274297698,0.02149133775332534,0.025290058477234707,0.05172718354135734,0.022825083655886085
2026-09-19 16:20:13.704,2026-09-19 16:20:14.818,58,1,tracked,7,7,7,0,0.9653481841087341,0.3106921064581269,2802.6487807795065,2497.3665166542232,0.18306048204976832,0.01783878790365634,0.05684692928216408,0.0055423705904467414,0.021783058455119176,0.016384379569112085
2026-09-19 16:20:14.818,2026-09-19 16:20:15.951,65,1,tracked,7,7,7,0,0.9652984142303467,0.3106284646067013,2802.7873522852096,2497.3435575316466,0.3216319877528804,-0.005120334672938043,0.09982646216039268,-0.0015902707902632368,0.05350954976885669,0.00763083045630511
2026-09-19 16:20:15.951,2026-09-19 16:20:17.089,72,1,tracked,7,7,7,0,0.9656682014465332,0.3106569689069282,2802.617462445501,2497.6258010247393,0.15174214804437725,0.2771231584197267,0.04712029349724916,0.08605469691784859,0.06308024933408447,0.036777542384412255
